-- ORDERS (18 orders with varied statuses)
INSERT INTO public.orders (id, shop_id, customer_id, vehicle_id, public_code, status, problem_description, diagnosis, notes, subtotal, labor_total, total, paid_total, balance_due, created_at)
VALUES
  ('a0000001-0001-0001-0001-000000000001', 'c508e3df-af08-48b5-add7-56e0561faeb5', '75884ed3-fd2c-4461-84b8-18cd85fea56d', '2145c22e-fa5a-4374-87b9-56a81cd4143a', 'ORD-A1B2C3', 'entregado', 'Ruido en frenos delanteros', 'Balatas desgastadas, disco rayado', 'Cliente frecuente', 1200, 800, 2000, 2000, 0, now() - interval '25 days'),
  ('a0000001-0001-0001-0001-000000000002', 'c508e3df-af08-48b5-add7-56e0561faeb5', '35bc95a2-392a-4f57-bd9d-900f80f16609', '427ada85-6c6a-4b8d-88d0-ae78ed9cf281', 'ORD-D4E5F6', 'listo', 'Servicio mayor 40,000 km', 'Cambio de aceite, filtros y bujías', NULL, 1800, 1200, 3000, 1500, 1500, now() - interval '3 days'),
  ('a0000001-0001-0001-0001-000000000003', 'c508e3df-af08-48b5-add7-56e0561faeb5', '0c5316bc-77cf-4fa6-bbb9-2aeb54d2c143', '1728b941-f5ae-4b5b-9552-671125f6664b', 'ORD-G7H8I9', 'en_reparacion', 'Motor se calienta', 'Termostato dañado y fuga en manguera', NULL, 950, 1500, 2450, 0, 2450, now() - interval '2 days'),
  ('a0000001-0001-0001-0001-000000000004', 'c508e3df-af08-48b5-add7-56e0561faeb5', '16e63167-6ca5-4526-a8d8-627b3757eb67', '0e6b4322-ef33-4935-87b2-0e3afd58fe55', 'ORD-J1K2L3', 'aprobado', 'Vibración al frenar a alta velocidad', 'Discos de freno pandeados', NULL, 2200, 600, 2800, 0, 2800, now() - interval '1 day'),
  ('a0000001-0001-0001-0001-000000000005', 'c508e3df-af08-48b5-add7-56e0561faeb5', 'b7213e18-68eb-41c2-a0f6-da4a0a887722', '6d7a4251-65d0-41e2-b603-e2065674e9fa', 'ORD-M4N5O6', 'cotizado', 'Check engine encendido', 'Sensor O2 defectuoso', NULL, 1600, 400, 2000, 0, 2000, now() - interval '1 day'),
  ('a0000001-0001-0001-0001-000000000006', 'c508e3df-af08-48b5-add7-56e0561faeb5', 'bde5f41b-5847-41e3-a775-b2f5e2963528', '7f21e35e-f622-4587-aac0-6b4d1095d014', 'ORD-P7Q8R9', 'diagnostico', 'No enciende por las mañanas', NULL, NULL, 0, 0, 0, 0, 0, now() - interval '12 hours'),
  ('a0000001-0001-0001-0001-000000000007', 'c508e3df-af08-48b5-add7-56e0561faeb5', 'f2b2bfd1-28e3-4b4f-91cf-66bd5b3c8a93', 'c3ea849e-e7cd-4f32-842d-ea773eada394', 'ORD-S1T2U3', 'recibido', 'Jalonea al acelerar', NULL, NULL, 0, 0, 0, 0, 0, now() - interval '4 hours'),
  ('a0000001-0001-0001-0001-000000000008', 'c508e3df-af08-48b5-add7-56e0561faeb5', '6b6da12c-7e63-4234-ac15-022a79de1f6b', 'c1dad098-9f6d-4ad0-88f5-ea00980b0d83', 'ORD-V4W5X6', 'entregado', 'Cambio de clutch completo', 'Kit clutch + volante bimasa', 'Garantía 6 meses', 4500, 3500, 8000, 8000, 0, now() - interval '20 days'),
  ('a0000001-0001-0001-0001-000000000009', 'c508e3df-af08-48b5-add7-56e0561faeb5', 'f9b1ab86-243d-410b-a3f9-4ab21749af9e', '873c1837-3796-42a8-a1ad-19f6301a7778', 'ORD-Y7Z8A9', 'en_reparacion', 'Suspensión delantera golpea', 'Amortiguadores vencidos + bases', NULL, 3200, 1800, 5000, 2500, 2500, now() - interval '4 days'),
  ('a0000001-0001-0001-0001-000000000010', 'c508e3df-af08-48b5-add7-56e0561faeb5', '6a37dac9-5faa-46e3-86ff-92d5acfffd08', NULL, 'ORD-B1C2D3', 'entregado', 'Afinación menor', 'Bujías + filtro aire + aceite', NULL, 600, 500, 1100, 1100, 0, now() - interval '15 days'),
  ('a0000001-0001-0001-0001-000000000011', 'c508e3df-af08-48b5-add7-56e0561faeb5', '75884ed3-fd2c-4461-84b8-18cd85fea56d', 'd700a0dd-cfb6-4e9c-aae6-f1df3ce41ea8', 'ORD-E4F5G6', 'listo', 'Cambio de amortiguadores traseros', 'Amortiguadores KYB', NULL, 1800, 900, 2700, 0, 2700, now() - interval '5 days'),
  ('a0000001-0001-0001-0001-000000000012', 'c508e3df-af08-48b5-add7-56e0561faeb5', '35bc95a2-392a-4f57-bd9d-900f80f16609', '427ada85-6c6a-4b8d-88d0-ae78ed9cf281', 'ORD-H7I8J9', 'entregado', 'Reparación de alternador', 'Alternador reconstruido', NULL, 2200, 600, 2800, 2800, 0, now() - interval '30 days'),
  ('a0000001-0001-0001-0001-000000000013', 'c508e3df-af08-48b5-add7-56e0561faeb5', '0c5316bc-77cf-4fa6-bbb9-2aeb54d2c143', '1728b941-f5ae-4b5b-9552-671125f6664b', 'ORD-K1L2M3', 'recibido', 'Fuga de aceite por empaque', NULL, NULL, 0, 0, 0, 0, 0, now() - interval '2 hours'),
  ('a0000001-0001-0001-0001-000000000014', 'c508e3df-af08-48b5-add7-56e0561faeb5', '16e63167-6ca5-4526-a8d8-627b3757eb67', '0e6b4322-ef33-4935-87b2-0e3afd58fe55', 'ORD-N4O5P6', 'entregado', 'Cambio de banda de distribución', 'Kit de distribución + bomba agua', 'Trabajo preventivo', 3500, 2500, 6000, 6000, 0, now() - interval '35 days'),
  ('a0000001-0001-0001-0001-000000000015', 'c508e3df-af08-48b5-add7-56e0561faeb5', 'b7213e18-68eb-41c2-a0f6-da4a0a887722', '6d7a4251-65d0-41e2-b603-e2065674e9fa', 'ORD-Q7R8S9', 'aprobado', 'Cambio de radiador', 'Radiador fisurado', NULL, 2800, 1200, 4000, 0, 4000, now() - interval '1 day'),
  ('a0000001-0001-0001-0001-000000000016', 'c508e3df-af08-48b5-add7-56e0561faeb5', 'bde5f41b-5847-41e3-a775-b2f5e2963528', '7f21e35e-f622-4587-aac0-6b4d1095d014', 'ORD-T1U2V3', 'entregado', 'Revisión eléctrica general', 'Fusibles + relay arranque', NULL, 400, 800, 1200, 1200, 0, now() - interval '40 days'),
  ('a0000001-0001-0001-0001-000000000017', 'c508e3df-af08-48b5-add7-56e0561faeb5', 'f2b2bfd1-28e3-4b4f-91cf-66bd5b3c8a93', 'c3ea849e-e7cd-4f32-842d-ea773eada394', 'ORD-W4X5Y6', 'diagnostico', 'Ruido al girar volante', NULL, NULL, 0, 0, 0, 0, 0, now() - interval '6 hours'),
  ('a0000001-0001-0001-0001-000000000018', 'c508e3df-af08-48b5-add7-56e0561faeb5', '6b6da12c-7e63-4234-ac15-022a79de1f6b', 'c1dad098-9f6d-4ad0-88f5-ea00980b0d83', 'ORD-Z7A8B9', 'en_reparacion', 'Cambio de inyectores', 'Inyectores obstruidos', NULL, 3600, 1000, 4600, 2000, 2600, now() - interval '3 days');

-- ORDER STATUS EVENTS
INSERT INTO public.order_status_events (order_id, status, changed_by, created_at) VALUES
  ('a0000001-0001-0001-0001-000000000001', 'recibido', 'db5c7af9-ab35-44c8-98ea-2c9e9e63e65a', now() - interval '25 days'),
  ('a0000001-0001-0001-0001-000000000001', 'diagnostico', 'db5c7af9-ab35-44c8-98ea-2c9e9e63e65a', now() - interval '24 days'),
  ('a0000001-0001-0001-0001-000000000001', 'cotizado', 'db5c7af9-ab35-44c8-98ea-2c9e9e63e65a', now() - interval '24 days' + interval '2 hours'),
  ('a0000001-0001-0001-0001-000000000001', 'aprobado', 'db5c7af9-ab35-44c8-98ea-2c9e9e63e65a', now() - interval '23 days'),
  ('a0000001-0001-0001-0001-000000000001', 'en_reparacion', 'db5c7af9-ab35-44c8-98ea-2c9e9e63e65a', now() - interval '23 days' + interval '1 hour'),
  ('a0000001-0001-0001-0001-000000000001', 'listo', 'db5c7af9-ab35-44c8-98ea-2c9e9e63e65a', now() - interval '22 days'),
  ('a0000001-0001-0001-0001-000000000001', 'entregado', 'db5c7af9-ab35-44c8-98ea-2c9e9e63e65a', now() - interval '21 days'),
  ('a0000001-0001-0001-0001-000000000002', 'recibido', 'db5c7af9-ab35-44c8-98ea-2c9e9e63e65a', now() - interval '3 days'),
  ('a0000001-0001-0001-0001-000000000002', 'diagnostico', 'db5c7af9-ab35-44c8-98ea-2c9e9e63e65a', now() - interval '3 days' + interval '3 hours'),
  ('a0000001-0001-0001-0001-000000000002', 'cotizado', 'db5c7af9-ab35-44c8-98ea-2c9e9e63e65a', now() - interval '2 days'),
  ('a0000001-0001-0001-0001-000000000002', 'aprobado', 'db5c7af9-ab35-44c8-98ea-2c9e9e63e65a', now() - interval '2 days' + interval '2 hours'),
  ('a0000001-0001-0001-0001-000000000002', 'en_reparacion', 'db5c7af9-ab35-44c8-98ea-2c9e9e63e65a', now() - interval '1 day'),
  ('a0000001-0001-0001-0001-000000000002', 'listo', 'db5c7af9-ab35-44c8-98ea-2c9e9e63e65a', now() - interval '6 hours'),
  ('a0000001-0001-0001-0001-000000000003', 'recibido', 'db5c7af9-ab35-44c8-98ea-2c9e9e63e65a', now() - interval '2 days'),
  ('a0000001-0001-0001-0001-000000000003', 'diagnostico', 'db5c7af9-ab35-44c8-98ea-2c9e9e63e65a', now() - interval '2 days' + interval '4 hours'),
  ('a0000001-0001-0001-0001-000000000003', 'cotizado', 'db5c7af9-ab35-44c8-98ea-2c9e9e63e65a', now() - interval '1 day' + interval '6 hours'),
  ('a0000001-0001-0001-0001-000000000003', 'aprobado', 'db5c7af9-ab35-44c8-98ea-2c9e9e63e65a', now() - interval '1 day'),
  ('a0000001-0001-0001-0001-000000000003', 'en_reparacion', 'db5c7af9-ab35-44c8-98ea-2c9e9e63e65a', now() - interval '20 hours'),
  ('a0000001-0001-0001-0001-000000000004', 'recibido', 'db5c7af9-ab35-44c8-98ea-2c9e9e63e65a', now() - interval '1 day'),
  ('a0000001-0001-0001-0001-000000000004', 'diagnostico', 'db5c7af9-ab35-44c8-98ea-2c9e9e63e65a', now() - interval '20 hours'),
  ('a0000001-0001-0001-0001-000000000004', 'cotizado', 'db5c7af9-ab35-44c8-98ea-2c9e9e63e65a', now() - interval '16 hours'),
  ('a0000001-0001-0001-0001-000000000004', 'aprobado', 'db5c7af9-ab35-44c8-98ea-2c9e9e63e65a', now() - interval '10 hours'),
  ('a0000001-0001-0001-0001-000000000005', 'recibido', 'db5c7af9-ab35-44c8-98ea-2c9e9e63e65a', now() - interval '1 day'),
  ('a0000001-0001-0001-0001-000000000005', 'diagnostico', 'db5c7af9-ab35-44c8-98ea-2c9e9e63e65a', now() - interval '18 hours'),
  ('a0000001-0001-0001-0001-000000000005', 'cotizado', 'db5c7af9-ab35-44c8-98ea-2c9e9e63e65a', now() - interval '12 hours'),
  ('a0000001-0001-0001-0001-000000000006', 'recibido', 'db5c7af9-ab35-44c8-98ea-2c9e9e63e65a', now() - interval '12 hours'),
  ('a0000001-0001-0001-0001-000000000006', 'diagnostico', 'db5c7af9-ab35-44c8-98ea-2c9e9e63e65a', now() - interval '8 hours'),
  ('a0000001-0001-0001-0001-000000000007', 'recibido', 'db5c7af9-ab35-44c8-98ea-2c9e9e63e65a', now() - interval '4 hours'),
  ('a0000001-0001-0001-0001-000000000008', 'recibido', 'db5c7af9-ab35-44c8-98ea-2c9e9e63e65a', now() - interval '20 days'),
  ('a0000001-0001-0001-0001-000000000008', 'diagnostico', 'db5c7af9-ab35-44c8-98ea-2c9e9e63e65a', now() - interval '19 days'),
  ('a0000001-0001-0001-0001-000000000008', 'cotizado', 'db5c7af9-ab35-44c8-98ea-2c9e9e63e65a', now() - interval '19 days' + interval '3 hours'),
  ('a0000001-0001-0001-0001-000000000008', 'aprobado', 'db5c7af9-ab35-44c8-98ea-2c9e9e63e65a', now() - interval '18 days'),
  ('a0000001-0001-0001-0001-000000000008', 'en_reparacion', 'db5c7af9-ab35-44c8-98ea-2c9e9e63e65a', now() - interval '17 days'),
  ('a0000001-0001-0001-0001-000000000008', 'listo', 'db5c7af9-ab35-44c8-98ea-2c9e9e63e65a', now() - interval '14 days'),
  ('a0000001-0001-0001-0001-000000000008', 'entregado', 'db5c7af9-ab35-44c8-98ea-2c9e9e63e65a', now() - interval '13 days'),
  ('a0000001-0001-0001-0001-000000000009', 'recibido', 'db5c7af9-ab35-44c8-98ea-2c9e9e63e65a', now() - interval '4 days'),
  ('a0000001-0001-0001-0001-000000000009', 'diagnostico', 'db5c7af9-ab35-44c8-98ea-2c9e9e63e65a', now() - interval '3 days' + interval '18 hours'),
  ('a0000001-0001-0001-0001-000000000009', 'cotizado', 'db5c7af9-ab35-44c8-98ea-2c9e9e63e65a', now() - interval '3 days'),
  ('a0000001-0001-0001-0001-000000000009', 'aprobado', 'db5c7af9-ab35-44c8-98ea-2c9e9e63e65a', now() - interval '2 days' + interval '12 hours'),
  ('a0000001-0001-0001-0001-000000000009', 'en_reparacion', 'db5c7af9-ab35-44c8-98ea-2c9e9e63e65a', now() - interval '2 days'),
  ('a0000001-0001-0001-0001-000000000010', 'recibido', 'db5c7af9-ab35-44c8-98ea-2c9e9e63e65a', now() - interval '15 days'),
  ('a0000001-0001-0001-0001-000000000010', 'entregado', 'db5c7af9-ab35-44c8-98ea-2c9e9e63e65a', now() - interval '12 days'),
  ('a0000001-0001-0001-0001-000000000011', 'recibido', 'db5c7af9-ab35-44c8-98ea-2c9e9e63e65a', now() - interval '5 days'),
  ('a0000001-0001-0001-0001-000000000011', 'listo', 'db5c7af9-ab35-44c8-98ea-2c9e9e63e65a', now() - interval '1 day'),
  ('a0000001-0001-0001-0001-000000000012', 'recibido', 'db5c7af9-ab35-44c8-98ea-2c9e9e63e65a', now() - interval '30 days'),
  ('a0000001-0001-0001-0001-000000000012', 'entregado', 'db5c7af9-ab35-44c8-98ea-2c9e9e63e65a', now() - interval '27 days'),
  ('a0000001-0001-0001-0001-000000000013', 'recibido', 'db5c7af9-ab35-44c8-98ea-2c9e9e63e65a', now() - interval '2 hours'),
  ('a0000001-0001-0001-0001-000000000014', 'recibido', 'db5c7af9-ab35-44c8-98ea-2c9e9e63e65a', now() - interval '35 days'),
  ('a0000001-0001-0001-0001-000000000014', 'entregado', 'db5c7af9-ab35-44c8-98ea-2c9e9e63e65a', now() - interval '30 days'),
  ('a0000001-0001-0001-0001-000000000015', 'recibido', 'db5c7af9-ab35-44c8-98ea-2c9e9e63e65a', now() - interval '1 day'),
  ('a0000001-0001-0001-0001-000000000015', 'aprobado', 'db5c7af9-ab35-44c8-98ea-2c9e9e63e65a', now() - interval '12 hours'),
  ('a0000001-0001-0001-0001-000000000016', 'recibido', 'db5c7af9-ab35-44c8-98ea-2c9e9e63e65a', now() - interval '40 days'),
  ('a0000001-0001-0001-0001-000000000016', 'entregado', 'db5c7af9-ab35-44c8-98ea-2c9e9e63e65a', now() - interval '37 days'),
  ('a0000001-0001-0001-0001-000000000017', 'recibido', 'db5c7af9-ab35-44c8-98ea-2c9e9e63e65a', now() - interval '6 hours'),
  ('a0000001-0001-0001-0001-000000000017', 'diagnostico', 'db5c7af9-ab35-44c8-98ea-2c9e9e63e65a', now() - interval '3 hours'),
  ('a0000001-0001-0001-0001-000000000018', 'recibido', 'db5c7af9-ab35-44c8-98ea-2c9e9e63e65a', now() - interval '3 days'),
  ('a0000001-0001-0001-0001-000000000018', 'diagnostico', 'db5c7af9-ab35-44c8-98ea-2c9e9e63e65a', now() - interval '2 days' + interval '18 hours'),
  ('a0000001-0001-0001-0001-000000000018', 'cotizado', 'db5c7af9-ab35-44c8-98ea-2c9e9e63e65a', now() - interval '2 days'),
  ('a0000001-0001-0001-0001-000000000018', 'aprobado', 'db5c7af9-ab35-44c8-98ea-2c9e9e63e65a', now() - interval '2 days' + interval '4 hours'),
  ('a0000001-0001-0001-0001-000000000018', 'en_reparacion', 'db5c7af9-ab35-44c8-98ea-2c9e9e63e65a', now() - interval '1 day' + interval '12 hours');

-- ORDER ITEMS
INSERT INTO public.order_items (order_id, type, name, quantity, unit_price, total_price) VALUES
  ('a0000001-0001-0001-0001-000000000001', 'part', 'Balatas cerámicas delanteras', 1, 650, 650),
  ('a0000001-0001-0001-0001-000000000001', 'part', 'Disco de freno delantero', 1, 550, 550),
  ('a0000001-0001-0001-0001-000000000001', 'labor', 'Mano de obra frenos', 1, 800, 800),
  ('a0000001-0001-0001-0001-000000000002', 'part', 'Aceite sintético 5W-30 (4L)', 1, 800, 800),
  ('a0000001-0001-0001-0001-000000000002', 'part', 'Filtro de aceite', 1, 180, 180),
  ('a0000001-0001-0001-0001-000000000002', 'part', 'Filtro de aire', 1, 250, 250),
  ('a0000001-0001-0001-0001-000000000002', 'part', 'Bujías (juego 4)', 1, 570, 570),
  ('a0000001-0001-0001-0001-000000000002', 'labor', 'Servicio mayor', 1, 1200, 1200),
  ('a0000001-0001-0001-0001-000000000003', 'part', 'Termostato', 1, 450, 450),
  ('a0000001-0001-0001-0001-000000000003', 'part', 'Manguera superior radiador', 1, 500, 500),
  ('a0000001-0001-0001-0001-000000000003', 'labor', 'Mano de obra sistema enfriamiento', 1, 1500, 1500),
  ('a0000001-0001-0001-0001-000000000008', 'part', 'Kit de clutch completo', 1, 3200, 3200),
  ('a0000001-0001-0001-0001-000000000008', 'part', 'Volante bimasa', 1, 1300, 1300),
  ('a0000001-0001-0001-0001-000000000008', 'labor', 'Mano de obra cambio de clutch', 1, 3500, 3500),
  ('a0000001-0001-0001-0001-000000000009', 'part', 'Amortiguadores delanteros (par)', 1, 2400, 2400),
  ('a0000001-0001-0001-0001-000000000009', 'part', 'Bases de amortiguador (par)', 1, 800, 800),
  ('a0000001-0001-0001-0001-000000000009', 'labor', 'Mano de obra suspensión', 1, 1800, 1800),
  ('a0000001-0001-0001-0001-000000000018', 'part', 'Inyectores (juego 4)', 1, 3600, 3600),
  ('a0000001-0001-0001-0001-000000000018', 'labor', 'Mano de obra inyectores', 1, 1000, 1000);

-- FIADOS
INSERT INTO public.fiados (id, shop_id, customer_id, order_id, total_amount, paid_amount, balance_due, due_date, status, notes) VALUES
  ('f0000001-0001-0001-0001-000000000001', 'c508e3df-af08-48b5-add7-56e0561faeb5', '35bc95a2-392a-4f57-bd9d-900f80f16609', 'a0000001-0001-0001-0001-000000000002', 1500, 0, 1500, (now() + interval '5 days')::date, 'pendiente', 'Servicio mayor'),
  ('f0000001-0001-0001-0001-000000000002', 'c508e3df-af08-48b5-add7-56e0561faeb5', '0c5316bc-77cf-4fa6-bbb9-2aeb54d2c143', 'a0000001-0001-0001-0001-000000000003', 2450, 800, 1650, (now() - interval '3 days')::date, 'vencido', 'Motor - abonó parcial'),
  ('f0000001-0001-0001-0001-000000000003', 'c508e3df-af08-48b5-add7-56e0561faeb5', 'f9b1ab86-243d-410b-a3f9-4ab21749af9e', 'a0000001-0001-0001-0001-000000000009', 2500, 1200, 1300, (now() + interval '10 days')::date, 'pendiente', 'Suspensión - pagando en quincenas'),
  ('f0000001-0001-0001-0001-000000000004', 'c508e3df-af08-48b5-add7-56e0561faeb5', '6b6da12c-7e63-4234-ac15-022a79de1f6b', 'a0000001-0001-0001-0001-000000000018', 2600, 500, 2100, (now() + interval '2 days')::date, 'por_vencer', 'Inyectores'),
  ('f0000001-0001-0001-0001-000000000005', 'c508e3df-af08-48b5-add7-56e0561faeb5', '75884ed3-fd2c-4461-84b8-18cd85fea56d', 'a0000001-0001-0001-0001-000000000011', 2700, 0, 2700, (now() - interval '1 day')::date, 'vencido', 'Amortiguadores traseros'),
  ('f0000001-0001-0001-0001-000000000006', 'c508e3df-af08-48b5-add7-56e0561faeb5', 'b7213e18-68eb-41c2-a0f6-da4a0a887722', NULL, 3500, 3500, 0, (now() - interval '15 days')::date, 'pagado', 'Reparación anterior - liquidado'),
  ('f0000001-0001-0001-0001-000000000007', 'c508e3df-af08-48b5-add7-56e0561faeb5', 'bde5f41b-5847-41e3-a775-b2f5e2963528', NULL, 1800, 900, 900, (now() + interval '20 days')::date, 'pendiente', 'Trabajo anterior - abonando'),
  ('f0000001-0001-0001-0001-000000000008', 'c508e3df-af08-48b5-add7-56e0561faeb5', 'f2b2bfd1-28e3-4b4f-91cf-66bd5b3c8a93', NULL, 4200, 4200, 0, (now() - interval '10 days')::date, 'pagado', 'Servicio completo - pagado'),
  ('f0000001-0001-0001-0001-000000000009', 'c508e3df-af08-48b5-add7-56e0561faeb5', '16e63167-6ca5-4526-a8d8-627b3757eb67', NULL, 1200, 400, 800, (now() - interval '7 days')::date, 'vencido', 'Afinación pendiente'),
  ('f0000001-0001-0001-0001-000000000010', 'c508e3df-af08-48b5-add7-56e0561faeb5', '6a37dac9-5faa-46e3-86ff-92d5acfffd08', NULL, 950, 300, 650, (now() + interval '15 days')::date, 'pendiente', 'Revisión general');

-- FIADO PAYMENTS
INSERT INTO public.fiado_payments (fiado_id, amount, payment_date, method, note, created_by) VALUES
  ('f0000001-0001-0001-0001-000000000002', 500, (now() - interval '10 days')::date, 'efectivo', 'Primer abono', 'db5c7af9-ab35-44c8-98ea-2c9e9e63e65a'),
  ('f0000001-0001-0001-0001-000000000002', 300, (now() - interval '5 days')::date, 'transferencia', 'Segundo abono', 'db5c7af9-ab35-44c8-98ea-2c9e9e63e65a'),
  ('f0000001-0001-0001-0001-000000000003', 600, (now() - interval '14 days')::date, 'efectivo', 'Primera quincena', 'db5c7af9-ab35-44c8-98ea-2c9e9e63e65a'),
  ('f0000001-0001-0001-0001-000000000003', 600, (now() - interval '1 day')::date, 'efectivo', 'Segunda quincena', 'db5c7af9-ab35-44c8-98ea-2c9e9e63e65a'),
  ('f0000001-0001-0001-0001-000000000004', 500, (now() - interval '7 days')::date, 'efectivo', 'Abono inicial', 'db5c7af9-ab35-44c8-98ea-2c9e9e63e65a'),
  ('f0000001-0001-0001-0001-000000000006', 2000, (now() - interval '20 days')::date, 'transferencia', 'Pago parcial', 'db5c7af9-ab35-44c8-98ea-2c9e9e63e65a'),
  ('f0000001-0001-0001-0001-000000000006', 1500, (now() - interval '15 days')::date, 'efectivo', 'Liquidación', 'db5c7af9-ab35-44c8-98ea-2c9e9e63e65a'),
  ('f0000001-0001-0001-0001-000000000007', 900, (now() - interval '5 days')::date, 'efectivo', 'Mitad del saldo', 'db5c7af9-ab35-44c8-98ea-2c9e9e63e65a'),
  ('f0000001-0001-0001-0001-000000000008', 2000, (now() - interval '15 days')::date, 'transferencia', 'Pago 1', 'db5c7af9-ab35-44c8-98ea-2c9e9e63e65a'),
  ('f0000001-0001-0001-0001-000000000008', 2200, (now() - interval '10 days')::date, 'efectivo', 'Liquidación total', 'db5c7af9-ab35-44c8-98ea-2c9e9e63e65a'),
  ('f0000001-0001-0001-0001-000000000009', 400, (now() - interval '12 days')::date, 'efectivo', 'Abono', 'db5c7af9-ab35-44c8-98ea-2c9e9e63e65a'),
  ('f0000001-0001-0001-0001-000000000010', 300, (now() - interval '3 days')::date, 'efectivo', 'Primer pago', 'db5c7af9-ab35-44c8-98ea-2c9e9e63e65a');

-- REMINDERS
INSERT INTO public.reminders (shop_id, customer_id, vehicle_id, type, title, due_at, status) VALUES
  ('c508e3df-af08-48b5-add7-56e0561faeb5', '75884ed3-fd2c-4461-84b8-18cd85fea56d', '2145c22e-fa5a-4374-87b9-56a81cd4143a', 'service', 'Próximo servicio Nissan Tsuru', now() + interval '15 days', 'pending'),
  ('c508e3df-af08-48b5-add7-56e0561faeb5', '35bc95a2-392a-4f57-bd9d-900f80f16609', '427ada85-6c6a-4b8d-88d0-ae78ed9cf281', 'pickup', 'Recoger Aveo - servicio listo', now() + interval '1 day', 'pending'),
  ('c508e3df-af08-48b5-add7-56e0561faeb5', '0c5316bc-77cf-4fa6-bbb9-2aeb54d2c143', NULL, 'payment', 'Cobrar saldo vencido - Carlos Hernández', now() - interval '2 days', 'pending'),
  ('c508e3df-af08-48b5-add7-56e0561faeb5', '16e63167-6ca5-4526-a8d8-627b3757eb67', '0e6b4322-ef33-4935-87b2-0e3afd58fe55', 'service', 'Cambio de aceite Toyota Corolla', now() + interval '30 days', 'pending'),
  ('c508e3df-af08-48b5-add7-56e0561faeb5', 'f9b1ab86-243d-410b-a3f9-4ab21749af9e', NULL, 'payment', 'Cobro quincena - Miguel Ángel', now() + interval '13 days', 'pending');